fecha,usdmxn_fix
31/12/17,19.6629
01/01/18,N/E
02/01/18,19.4899
03/01/18,19.3717
04/01/18,19.2427
05/01/18,19.2737
06/01/18,N/E
07/01/18,N/E
08/01/18,19.2323
09/01/18,19.3065
10/01/18,19.2405
11/01/18,19.3433
12/01/18,19.0446
13/01/18,N/E
14/01/18,N/E
15/01/18,18.8113
16/01/18,18.8362
17/01/18,18.655
18/01/18,18.6361
19/01/18,18.5813
20/01/18,N/E
21/01/18,N/E
22/01/18,18.7118
23/01/18,18.798
24/01/18,18.5178
25/01/18,18.478
26/01/18,18.4672
27/01/18,N/E
28/01/18,N/E
29/01/18,18.6196
30/01/18,18.6982
31/01/18,18.6069
01/02/18,18.4004
02/02/18,18.5248
03/02/18,N/E
04/02/18,N/E
05/02/18,N/E
06/02/18,18.7009
07/02/18,18.6492
08/02/18,18.8815
09/02/18,18.8623
10/02/18,N/E
11/02/18,N/E
12/02/18,18.6703
13/02/18,18.6269
14/02/18,18.6025
15/02/18,18.5159
16/02/18,18.4797
17/02/18,N/E
18/02/18,N/E
19/02/18,18.536
20/02/18,18.6594
21/02/18,18.6518
22/02/18,18.6574
23/02/18,18.5659
24/02/18,N/E
25/02/18,N/E
26/02/18,18.6456
27/02/18,18.7902
28/02/18,18.8331
01/03/18,18.861
02/03/18,18.8909
03/03/18,N/E
04/03/18,N/E
05/03/18,18.8838
06/03/18,18.7246
07/03/18,18.7922
08/03/18,18.7148
09/03/18,18.5812
10/03/18,N/E
11/03/18,N/E
12/03/18,18.6199
13/03/18,18.5604
14/03/18,18.5854
15/03/18,18.7023
16/03/18,18.7216
17/03/18,N/E
18/03/18,N/E
19/03/18,N/E
20/03/18,18.7614
21/03/18,18.6001
22/03/18,18.5078
23/03/18,18.5364
24/03/18,N/E
25/03/18,N/E
26/03/18,18.3268
27/03/18,18.3445
28/03/18,18.2709
29/03/18,N/E
30/03/18,N/E
31/03/18,N/E
01/04/18,N/E
02/04/18,18.2967
03/04/18,18.2044
04/04/18,18.2244
05/04/18,18.1081
06/04/18,18.2888
07/04/18,N/E
08/04/18,N/E
09/04/18,18.2753
10/04/18,18.2882
11/04/18,18.2018
12/04/18,18.1353
13/04/18,18.087
14/04/18,N/E
15/04/18,N/E
16/04/18,18.0394
17/04/18,17.9787
18/04/18,18.0333
19/04/18,18.2819
20/04/18,18.621
21/04/18,N/E
22/04/18,N/E
23/04/18,18.8628
24/04/18,18.8139
25/04/18,19.053
26/04/18,18.8644
27/04/18,18.6847
28/04/18,N/E
29/04/18,N/E
30/04/18,18.7878
01/05/18,N/E
02/05/18,19.0943
03/05/18,19.1223
04/05/18,19.2017
05/05/18,N/E
06/05/18,N/E
07/05/18,19.4232
08/05/18,19.5781
09/05/18,19.5387
10/05/18,19.2989
11/05/18,19.3539
12/05/18,N/E
13/05/18,N/E
14/05/18,19.5214
15/05/18,19.7854
16/05/18,19.7094
17/05/18,19.7033
18/05/18,19.9319
19/05/18,N/E
20/05/18,N/E
21/05/18,19.9054
22/05/18,19.7528
23/05/18,19.7661
24/05/18,19.7048
25/05/18,19.5608
26/05/18,N/E
27/05/18,N/E
28/05/18,19.5915
29/05/18,19.7499
30/05/18,19.7322
31/05/18,19.9759
01/06/18,19.8662
02/06/18,N/E
03/06/18,N/E
04/06/18,19.9934
05/06/18,20.3863
06/06/18,20.3129
07/06/18,20.46
08/06/18,20.5281
09/06/18,N/E
10/06/18,N/E
11/06/18,20.4722
12/06/18,20.596
13/06/18,20.6259
14/06/18,20.6953
15/06/18,20.716
16/06/18,N/E
17/06/18,N/E
18/06/18,20.6968
19/06/18,20.5531
20/06/18,20.3937
21/06/18,20.3689
22/06/18,20.1264
23/06/18,N/E
24/06/18,N/E
25/06/18,20.0908
26/06/18,19.8754
27/06/18,20.0553
28/06/18,19.8633
29/06/18,19.6912
30/06/18,N/E
01/07/18,N/E
02/07/18,20.1453
03/07/18,19.5974
04/07/18,19.4284
05/07/18,19.2513
06/07/18,19.0719
07/07/18,N/E
08/07/18,N/E
09/07/18,19.1563
10/07/18,19.0559
11/07/18,18.9632
12/07/18,18.8241
13/07/18,18.8854
14/07/18,N/E
15/07/18,N/E
16/07/18,18.836
17/07/18,18.8763
18/07/18,18.91
19/07/18,19.079
20/07/18,19.0694
21/07/18,N/E
22/07/18,N/E
23/07/18,19.0761
24/07/18,18.8506
25/07/18,18.7709
26/07/18,18.6234
27/07/18,18.5515
28/07/18,N/E
29/07/18,N/E
30/07/18,18.5413
31/07/18,18.6457
01/08/18,18.5899
02/08/18,18.6349
03/08/18,18.5725
04/08/18,N/E
05/08/18,N/E
06/08/18,18.5433
07/08/18,18.4631
08/08/18,18.4542
09/08/18,18.6511
10/08/18,18.9273
11/08/18,N/E
12/08/18,N/E
13/08/18,19.1801
14/08/18,18.9973
15/08/18,19.2339
16/08/18,19.01
17/08/18,19.0615
18/08/18,N/E
19/08/18,N/E
20/08/18,19.0305
21/08/18,18.8784
22/08/18,18.8176
23/08/18,18.8672
24/08/18,18.8339
25/08/18,N/E
26/08/18,N/E
27/08/18,18.6697
28/08/18,18.9354
29/08/18,19.0659
30/08/18,19.1258
31/08/18,19.1792
01/09/18,N/E
02/09/18,N/E
03/09/18,19.2137
04/09/18,19.3609
05/09/18,19.4433
06/09/18,19.3546
07/09/18,19.2394
08/09/18,N/E
09/09/18,N/E
10/09/18,19.2989
11/09/18,19.268
12/09/18,19.0511
13/09/18,18.8775
14/09/18,18.8689
15/09/18,N/E
16/09/18,N/E
17/09/18,18.8399
18/09/18,18.7694
19/09/18,18.7672
20/09/18,18.8296
21/09/18,18.8539
22/09/18,N/E
23/09/18,N/E
24/09/18,18.8516
25/09/18,18.987
26/09/18,18.8986
27/09/18,18.812
28/09/18,18.7231
29/09/18,N/E
30/09/18,N/E
01/10/18,18.6531
02/10/18,18.7503
03/10/18,18.8014
04/10/18,19.1328
05/10/18,18.9444
06/10/18,N/E
07/10/18,N/E
08/10/18,18.9234
09/10/18,19
10/10/18,19.1183
11/10/18,19.0217
12/10/18,18.9202
13/10/18,N/E
14/10/18,N/E
15/10/18,18.8096
16/10/18,18.7693
17/10/18,18.8012
18/10/18,19.1018
19/10/18,19.2183
20/10/18,N/E
21/10/18,N/E
22/10/18,19.3669
23/10/18,19.4169
24/10/18,19.4623
25/10/18,19.4383
26/10/18,19.479
27/10/18,N/E
28/10/18,N/E
29/10/18,19.8022
30/10/18,20.0258
31/10/18,20.3177
01/11/18,20.1329
02/11/18,N/E
03/11/18,N/E
04/11/18,N/E
05/11/18,19.9636
06/11/18,19.8609
07/11/18,19.8245
08/11/18,20.0438
09/11/18,20.3614
10/11/18,N/E
11/11/18,N/E
12/11/18,20.3179
13/11/18,20.5158
14/11/18,20.3979
15/11/18,20.3371
16/11/18,20.155
17/11/18,N/E
18/11/18,N/E
19/11/18,N/E
20/11/18,20.4123
21/11/18,20.2023
22/11/18,20.2984
23/11/18,20.3935
24/11/18,N/E
25/11/18,N/E
26/11/18,20.5304
27/11/18,20.4977
28/11/18,20.4108
29/11/18,20.2217
30/11/18,20.3455
01/12/18,N/E
02/12/18,N/E
03/12/18,20.2346
04/12/18,20.5123
05/12/18,20.5672
06/12/18,20.4705
07/12/18,20.2609
08/12/18,N/E
09/12/18,N/E
10/12/18,20.3621
11/12/18,20.2889
12/12/18,N/E
13/12/18,20.2566
14/12/18,20.3337
15/12/18,N/E
16/12/18,N/E
17/12/18,20.1126
18/12/18,20.1277
19/12/18,20.0293
20/12/18,19.9082
21/12/18,19.9275
22/12/18,N/E
23/12/18,N/E
24/12/18,19.8473
25/12/18,N/E
26/12/18,19.8823
27/12/18,19.6829
28/12/18,19.6566
29/12/18,N/E
30/12/18,N/E
31/12/18,19.6512
01/01/19,N/E
02/01/19,19.5878
03/01/19,19.6073
04/01/19,19.4902
05/01/19,N/E
06/01/19,N/E
07/01/19,19.3208
08/01/19,19.3479
09/01/19,19.2456
10/01/19,19.1714
11/01/19,19.1236
12/01/19,N/E
13/01/19,N/E
14/01/19,19.0064
15/01/19,19.0457
16/01/19,18.9908
17/01/19,19.063
18/01/19,19.0844
19/01/19,N/E
20/01/19,N/E
21/01/19,19.1902
22/01/19,19.1297
23/01/19,19.0771
24/01/19,18.9859
25/01/19,18.928
26/01/19,N/E
27/01/19,N/E
28/01/19,19.0381
29/01/19,18.9972
30/01/19,19.1623
31/01/19,19.0388
01/02/19,19.1098
02/02/19,N/E
03/02/19,N/E
04/02/19,N/E
05/02/19,19.0824
06/02/19,19.1058
07/02/19,19.08
08/02/19,19.0893
09/02/19,N/E
10/02/19,N/E
11/02/19,19.2524
12/02/19,19.2592
13/02/19,19.4084
14/02/19,19.3569
15/02/19,19.3625
16/02/19,N/E
17/02/19,N/E
18/02/19,19.2578
19/02/19,19.1778
20/02/19,19.1835
21/02/19,19.2652
22/02/19,19.1394
23/02/19,N/E
24/02/19,N/E
25/02/19,19.1185
26/02/19,19.163
27/02/19,19.2201
28/02/19,19.2607
01/03/19,19.2978
02/03/19,N/E
03/03/19,N/E
04/03/19,19.3039
05/03/19,19.2597
06/03/19,19.3708
07/03/19,19.5225
08/03/19,19.4902
09/03/19,N/E
10/03/19,N/E
11/03/19,19.4243
12/03/19,19.3049
13/03/19,19.332
14/03/19,19.3233
15/03/19,19.2176
16/03/19,N/E
17/03/19,N/E
18/03/19,N/E
19/03/19,19.0004
20/03/19,18.9098
21/03/19,18.8694
22/03/19,19.1369
23/03/19,N/E
24/03/19,N/E
25/03/19,19.0151
26/03/19,19.0989
27/03/19,19.3201
28/03/19,19.3793
29/03/19,19.3779
30/03/19,N/E
31/03/19,N/E
01/04/19,19.2169
02/04/19,19.2279
03/04/19,19.1805
04/04/19,19.1728
05/04/19,19.0805
06/04/19,N/E
07/04/19,N/E
08/04/19,18.9701
09/04/19,18.9229
10/04/19,18.836
11/04/19,18.8432
12/04/19,18.7719
13/04/19,N/E
14/04/19,N/E
15/04/19,18.8489
16/04/19,18.9516
17/04/19,18.848
18/04/19,N/E
19/04/19,N/E
20/04/19,N/E
21/04/19,N/E
22/04/19,18.8359
23/04/19,18.9578
24/04/19,19.0046
25/04/19,19.0942
26/04/19,18.9414
27/04/19,N/E
28/04/19,N/E
29/04/19,19.012
30/04/19,19.0099
01/05/19,N/E
02/05/19,19.1014
03/05/19,19.0012
04/05/19,N/E
05/05/19,N/E
06/05/19,18.9781
07/05/19,19.0499
08/05/19,19.0837
09/05/19,19.2623
10/05/19,19.1374
11/05/19,N/E
12/05/19,N/E
13/05/19,19.1928
14/05/19,19.1427
15/05/19,19.1236
16/05/19,19.071
17/05/19,19.1454
18/05/19,N/E
19/05/19,N/E
20/05/19,19.0908
21/05/19,19.0309
22/05/19,18.9755
23/05/19,19.0122
24/05/19,19.0658
25/05/19,N/E
26/05/19,N/E
27/05/19,19.0521
28/05/19,19.1652
29/05/19,19.2395
30/05/19,19.0683
31/05/19,19.6426
01/06/19,N/E
02/06/19,N/E
03/06/19,19.7609
04/06/19,19.6007
05/06/19,19.5418
06/06/19,19.7084
07/06/19,19.6528
08/06/19,N/E
09/06/19,N/E
10/06/19,19.204
11/06/19,19.1222
12/06/19,19.1383
13/06/19,19.1645
14/06/19,19.1487
15/06/19,N/E
16/06/19,N/E
17/06/19,19.1924
18/06/19,19.1011
19/06/19,19.1753
20/06/19,18.9804
21/06/19,19.0661
22/06/19,N/E
23/06/19,N/E
24/06/19,19.1833
25/06/19,19.2271
26/06/19,19.1442
27/06/19,19.1685
28/06/19,19.2087
29/06/19,N/E
30/06/19,N/E
01/07/19,19.076
02/07/19,19.0694
03/07/19,19.0502
04/07/19,18.9947
05/07/19,19.0446
06/07/19,N/E
07/07/19,N/E
08/07/19,18.9116
09/07/19,19.0043
10/07/19,19.2425
11/07/19,19.1227
12/07/19,19.0307
13/07/19,N/E
14/07/19,N/E
15/07/19,18.9803
16/07/19,19.0781
17/07/19,19.0233
18/07/19,19.0108
19/07/19,19.0123
20/07/19,N/E
21/07/19,N/E
22/07/19,19.0659
23/07/19,19.1315
24/07/19,19.0894
25/07/19,19.0623
26/07/19,19.0699
27/07/19,N/E
28/07/19,N/E
29/07/19,19.09
30/07/19,19.0747
31/07/19,18.9929
01/08/19,19.1627
02/08/19,19.3116
03/08/19,N/E
04/08/19,N/E
05/08/19,19.5731
06/08/19,19.6291
07/08/19,19.6953
08/08/19,19.5118
09/08/19,19.4283
10/08/19,N/E
11/08/19,N/E
12/08/19,19.5803
13/08/19,19.463
14/08/19,19.5763
15/08/19,19.6365
16/08/19,19.5669
17/08/19,N/E
18/08/19,N/E
19/08/19,19.8153
20/08/19,19.7522
21/08/19,19.6798
22/08/19,19.7467
23/08/19,19.8402
24/08/19,N/E
25/08/19,N/E
26/08/19,19.9086
27/08/19,19.9934
28/08/19,20.0314
29/08/19,20.0988
30/08/19,20.0696
31/08/19,N/E
01/09/19,N/E
02/09/19,20.1253
03/09/19,20.0039
04/09/19,19.7806
05/09/19,19.6834
06/09/19,19.5623
07/09/19,N/E
08/09/19,N/E
09/09/19,19.5398
10/09/19,19.5354
11/09/19,19.5478
12/09/19,19.4265
13/09/19,19.3665
14/09/19,N/E
15/09/19,N/E
16/09/19,N/E
17/09/19,19.4262
18/09/19,19.3528
19/09/19,19.3981
20/09/19,19.4478
21/09/19,N/E
22/09/19,N/E
23/09/19,19.4459
24/09/19,19.4587
25/09/19,19.5775
26/09/19,19.6363
27/09/19,19.6808
28/09/19,N/E
29/09/19,N/E
30/09/19,19.7345
01/10/19,19.7792
02/10/19,19.7985
03/10/19,19.7368
04/10/19,19.5255
05/10/19,N/E
06/10/19,N/E
07/10/19,19.5522
08/10/19,19.584
09/10/19,19.5689
10/10/19,19.4764
11/10/19,19.3217
12/10/19,N/E
13/10/19,N/E
14/10/19,19.2652
15/10/19,19.252
16/10/19,19.2135
17/10/19,19.1602
18/10/19,19.1492
19/10/19,N/E
20/10/19,N/E
21/10/19,19.1422
22/10/19,19.105
23/10/19,19.1258
24/10/19,19.0878
25/10/19,19.082
26/10/19,N/E
27/10/19,N/E
28/10/19,19.0543
29/10/19,19.1167
30/10/19,19.1643
31/10/19,19.1948
01/11/19,19.1058
02/11/19,N/E
03/11/19,N/E
04/11/19,19.1525
05/11/19,19.2125
06/11/19,19.1953
07/11/19,19.1327
08/11/19,19.1068
09/11/19,N/E
10/11/19,N/E
11/11/19,19.109
12/11/19,19.2178
13/11/19,19.4543
14/11/19,19.4228
15/11/19,19.2063
16/11/19,N/E
17/11/19,N/E
18/11/19,N/E
19/11/19,19.3687
20/11/19,19.48
21/11/19,19.4138
22/11/19,19.3987
23/11/19,N/E
24/11/19,N/E
25/11/19,19.4468
26/11/19,19.5185
27/11/19,19.5607
28/11/19,19.6113
29/11/19,19.5352
30/11/19,N/E
01/12/19,N/E
02/12/19,19.5717
03/12/19,19.5678
04/12/19,19.4707
05/12/19,19.3688
06/12/19,19.3247
07/12/19,N/E
08/12/19,N/E
09/12/19,19.2302
10/12/19,19.2362
11/12/19,19.1785
12/12/19,N/E
13/12/19,19.0455
14/12/19,N/E
15/12/19,N/E
16/12/19,18.9702
17/12/19,18.9165
18/12/19,18.9542
19/12/19,18.964
20/12/19,18.9133
21/12/19,N/E
22/12/19,N/E
23/12/19,18.9385
24/12/19,18.9643
25/12/19,N/E
26/12/19,18.9445
27/12/19,18.8452
28/12/19,N/E
29/12/19,N/E
30/12/19,18.8727
31/12/19,18.8642
01/01/20,N/E
02/01/20,18.8817
03/01/20,18.8673
04/01/20,N/E
05/01/20,N/E
06/01/20,18.827
07/01/20,18.8852
08/01/20,18.798
09/01/20,18.8453
10/01/20,18.7732
11/01/20,N/E
12/01/20,N/E
13/01/20,18.8215
14/01/20,18.812
15/01/20,18.8077
16/01/20,18.793
17/01/20,18.7388
18/01/20,N/E
19/01/20,N/E
20/01/20,18.6725
21/01/20,18.7007
22/01/20,18.6883
23/01/20,18.8018
24/01/20,18.8313
25/01/20,N/E
26/01/20,N/E
27/01/20,18.9407
28/01/20,18.8022
29/01/20,18.7067
30/01/20,18.7853
31/01/20,18.9082
01/02/20,N/E
02/02/20,N/E
03/02/20,N/E
04/02/20,18.6797
05/02/20,18.6245
06/02/20,18.6645
07/02/20,18.7763
08/02/20,N/E
09/02/20,N/E
10/02/20,18.7653
11/02/20,18.674
12/02/20,18.6308
13/02/20,18.6458
14/02/20,18.5712
15/02/20,N/E
16/02/20,N/E
17/02/20,18.5715
18/02/20,18.5952
19/02/20,18.591
20/02/20,18.7992
21/02/20,18.9138
22/02/20,N/E
23/02/20,N/E
24/02/20,19.1197
25/02/20,19.0878
26/02/20,19.1585
27/02/20,19.3973
28/02/20,19.776
29/02/20,N/E
01/03/20,N/E
02/03/20,19.6985
03/03/20,19.2837
04/03/20,19.5335
05/03/20,19.8095
06/03/20,20.1623
07/03/20,N/E
08/03/20,N/E
09/03/20,21.1117
10/03/20,21.0267
11/03/20,21.213
12/03/20,22.1518
13/03/20,21.9288
14/03/20,N/E
15/03/20,N/E
16/03/20,N/E
17/03/20,23.0573
18/03/20,23.9008
19/03/20,24.0868
20/03/20,24.1113
21/03/20,N/E
22/03/20,N/E
23/03/20,25.0782
24/03/20,25.1185
25/03/20,24.2948
26/03/20,23.097
27/03/20,23.5122
28/03/20,N/E
29/03/20,N/E
30/03/20,24.2853
31/03/20,23.4847
01/04/20,24.4918
02/04/20,24.1087
03/04/20,24.6938
04/04/20,N/E
05/04/20,N/E
06/04/20,24.6895
07/04/20,24.0388
08/04/20,24.0925
09/04/20,N/E
10/04/20,N/E
11/04/20,N/E
12/04/20,N/E
13/04/20,23.7427
14/04/20,23.5645
15/04/20,24.1155
16/04/20,24.2098
17/04/20,23.9012
18/04/20,N/E
19/04/20,N/E
20/04/20,24.0077
21/04/20,24.4248
22/04/20,24.5883
23/04/20,24.623
24/04/20,24.8583
25/04/20,N/E
26/04/20,N/E
27/04/20,24.8492
28/04/20,24.3882
29/04/20,24.0002
30/04/20,23.9283
01/05/20,N/E
02/05/20,N/E
03/05/20,N/E
04/05/20,24.3812
05/05/20,23.8343
06/05/20,24.2942
07/05/20,24.0563
08/05/20,23.6805
09/05/20,N/E
10/05/20,N/E
11/05/20,23.8693
12/05/20,24.0487
13/05/20,24.2113
14/05/20,24.2708
15/05/20,23.958
16/05/20,N/E
17/05/20,N/E
18/05/20,23.6032
19/05/20,23.6023
20/05/20,23.2962
21/05/20,22.96
22/05/20,22.7928
23/05/20,N/E
24/05/20,N/E
25/05/20,22.563
26/05/20,22.2932
27/05/20,22.3633
28/05/20,22.204
29/05/20,22.1778
30/05/20,N/E
31/05/20,N/E
01/06/20,22.0168
02/06/20,21.6827
03/06/20,21.6043
04/06/20,21.8388
05/06/20,21.5837
06/06/20,N/E
07/06/20,N/E
08/06/20,21.6552
09/06/20,21.7252
10/06/20,21.923
11/06/20,22.4252
12/06/20,22.3347
13/06/20,N/E
14/06/20,N/E
15/06/20,22.5435
16/06/20,22.2168
17/06/20,22.2783
18/06/20,22.6088
19/06/20,22.63
20/06/20,N/E
21/06/20,N/E
22/06/20,22.4413
23/06/20,22.413
24/06/20,22.6662
25/06/20,22.7963
26/06/20,22.9715
27/06/20,N/E
28/06/20,N/E
29/06/20,23.1325
30/06/20,23.0893
01/07/20,22.8078
02/07/20,22.5225
03/07/20,22.4147
04/07/20,N/E
05/07/20,N/E
06/07/20,22.2808
07/07/20,22.6213
08/07/20,22.8225
09/07/20,22.6945
10/07/20,22.5342
11/07/20,N/E
12/07/20,N/E
13/07/20,22.4633
14/07/20,22.6173
15/07/20,22.3647
16/07/20,22.3032
17/07/20,22.4897
18/07/20,N/E
19/07/20,N/E
20/07/20,22.6278
21/07/20,22.3597
22/07/20,22.251
23/07/20,22.3627
24/07/20,22.3842
25/07/20,N/E
26/07/20,N/E
27/07/20,22.0275
28/07/20,21.9615
29/07/20,21.9907
30/07/20,22.1727
31/07/20,22.2012
01/08/20,N/E
02/08/20,N/E
03/08/20,22.614
04/08/20,22.7845
05/08/20,22.4068
06/08/20,22.3652
07/08/20,22.4892
08/08/20,N/E
09/08/20,N/E
10/08/20,22.485
11/08/20,22.349
12/08/20,22.3457
13/08/20,22.2628
14/08/20,22.0313
15/08/20,N/E
16/08/20,N/E
17/08/20,22.057
18/08/20,22.1535
19/08/20,22.0527
20/08/20,22.176
21/08/20,22.0362
22/08/20,N/E
23/08/20,N/E
24/08/20,21.984
25/08/20,21.9723
26/08/20,21.9202
27/08/20,22.1168
28/08/20,21.8602
29/08/20,N/E
30/08/20,N/E
31/08/20,21.888
01/09/20,21.7445
02/09/20,21.8393
03/09/20,21.6383
04/09/20,21.6115
05/09/20,N/E
06/09/20,N/E
07/09/20,21.5887
08/09/20,21.7138
09/09/20,21.5377
10/09/20,21.2773
11/09/20,21.321
12/09/20,N/E
13/09/20,N/E
14/09/20,21.0728
15/09/20,21.0692
16/09/20,N/E
17/09/20,20.985
18/09/20,20.9697
19/09/20,N/E
20/09/20,N/E
21/09/20,21.505
22/09/20,21.5682
23/09/20,22.0897
24/09/20,22.3678
25/09/20,22.4402
26/09/20,N/E
27/09/20,N/E
28/09/20,22.4573
29/09/20,22.3598
30/09/20,22.1438
01/10/20,21.9562
02/10/20,21.7025
03/10/20,N/E
04/10/20,N/E
05/10/20,21.396
06/10/20,21.4507
07/10/20,21.493
08/10/20,21.4318
09/10/20,21.1822
10/10/20,N/E
11/10/20,N/E
12/10/20,21.2183
13/10/20,21.3677
14/10/20,21.2998
15/10/20,21.3832
16/10/20,21.1765
17/10/20,N/E
18/10/20,N/E
19/10/20,21.1342
20/10/20,21.0902
21/10/20,21.064
22/10/20,21.03
23/10/20,20.9205
24/10/20,N/E
25/10/20,N/E
26/10/20,20.9818
27/10/20,20.8798
28/10/20,21.1648
29/10/20,21.377
30/10/20,21.2508
31/10/20,N/E
01/11/20,N/E
02/11/20,N/E
03/11/20,21.1555
04/11/20,21.0345
05/11/20,20.7612
06/11/20,20.62
07/11/20,N/E
08/11/20,N/E
09/11/20,20.36
10/11/20,20.4018
11/11/20,20.5772
12/11/20,20.5303
13/11/20,20.4833
14/11/20,N/E
15/11/20,N/E
16/11/20,N/E
17/11/20,20.3212
18/11/20,20.2388
19/11/20,20.1858
20/11/20,20.1172
21/11/20,N/E
22/11/20,N/E
23/11/20,20.1012
24/11/20,20.0577
25/11/20,20.0465
26/11/20,20.0467
27/11/20,20.0777
28/11/20,N/E
29/11/20,N/E
30/11/20,20.1398
01/12/20,20.0508
02/12/20,20.0497
03/12/20,19.9083
04/12/20,19.7838
05/12/20,N/E
06/12/20,N/E
07/12/20,19.8213
08/12/20,19.7537
09/12/20,19.8368
10/12/20,19.9572
11/12/20,20.1075
12/12/20,N/E
13/12/20,N/E
14/12/20,20.1778
15/12/20,20.1113
16/12/20,19.9513
17/12/20,19.8173
18/12/20,19.9487
19/12/20,N/E
20/12/20,N/E
21/12/20,20.0905
22/12/20,20.0562
23/12/20,20.1175
24/12/20,19.8517
25/12/20,N/E
26/12/20,N/E
27/12/20,N/E
28/12/20,20.0477
29/12/20,19.9487
30/12/20,19.9352
31/12/20,19.9087
01/01/21,N/E
02/01/21,N/E
03/01/21,N/E
04/01/21,19.8457
05/01/21,19.9437
06/01/21,19.725
07/01/21,19.91
08/01/21,19.9705
09/01/21,N/E
10/01/21,N/E
11/01/21,20.113
12/01/21,19.9373
13/01/21,19.7935
14/01/21,19.7793
15/01/21,19.7875
16/01/21,N/E
17/01/21,N/E
18/01/21,19.757
19/01/21,19.6788
20/01/21,19.5793
21/01/21,19.7393
22/01/21,19.9833
23/01/21,N/E
24/01/21,N/E
25/01/21,20.1598
26/01/21,20.0152
27/01/21,20.2168
28/01/21,20.2697
29/01/21,20.2248
30/01/21,N/E
31/01/21,N/E
01/02/21,N/E
02/02/21,20.1722
03/02/21,20.1953
04/02/21,20.4435
05/02/21,20.1388
06/02/21,N/E
07/02/21,N/E
08/02/21,20.1227
09/02/21,20.0913
10/02/21,20.0588
11/02/21,19.9535
12/02/21,19.9622
13/02/21,N/E
14/02/21,N/E
15/02/21,19.9518
16/02/21,20.2023
17/02/21,20.2257
18/02/21,20.4165
19/02/21,20.4222
20/02/21,N/E
21/02/21,N/E
22/02/21,20.6783
23/02/21,20.5833
24/02/21,20.4752
25/02/21,20.8523
26/02/21,20.939
27/02/21,N/E
28/02/21,N/E
01/03/21,20.6123
02/03/21,20.6903
03/03/21,20.8957
04/03/21,20.8498
05/03/21,21.2635
06/03/21,N/E
07/03/21,N/E
08/03/21,21.4177
09/03/21,21.2575
10/03/21,20.9853
11/03/21,20.7133
12/03/21,20.7637
13/03/21,N/E
14/03/21,N/E
15/03/21,N/E
16/03/21,20.5753
17/03/21,20.6828
18/03/21,20.4415
19/03/21,20.4823
20/03/21,N/E
21/03/21,N/E
22/03/21,20.5788
23/03/21,20.6408
24/03/21,20.7882
25/03/21,20.7662
26/03/21,20.5677
27/03/21,N/E
28/03/21,N/E
29/03/21,20.6047
30/03/21,20.6025
31/03/21,20.44
01/04/21,N/E
02/04/21,N/E
03/04/21,N/E
04/04/21,N/E
05/04/21,20.2483
06/04/21,20.1612
07/04/21,20.1765
08/04/21,20.089
09/04/21,20.163
10/04/21,N/E
11/04/21,N/E
12/04/21,20.095
13/04/21,20.0735
14/04/21,20.0583
15/04/21,19.927
16/04/21,19.9158
17/04/21,N/E
18/04/21,N/E
19/04/21,19.8145
20/04/21,19.8877
21/04/21,19.874
22/04/21,19.8865
23/04/21,19.8695
24/04/21,N/E
25/04/21,N/E
26/04/21,19.8362
27/04/21,19.9785
28/04/21,19.9712
29/04/21,20.0978
30/04/21,20.1822
01/05/21,N/E
02/05/21,N/E
03/05/21,20.1902
04/05/21,20.2235
05/05/21,20.2077
06/05/21,20.1838
07/05/21,19.9223
08/05/21,N/E
09/05/21,N/E
10/05/21,19.886
11/05/21,19.8848
12/05/21,20.094
13/05/21,20.0495
14/05/21,19.8487
15/05/21,N/E
16/05/21,N/E
17/05/21,19.8028
18/05/21,19.8313
19/05/21,19.8143
20/05/21,19.881
21/05/21,19.951
22/05/21,N/E
23/05/21,N/E
24/05/21,19.872
25/05/21,19.8903
26/05/21,19.8783
27/05/21,19.9487
28/05/21,19.9442
29/05/21,N/E
30/05/21,N/E
31/05/21,19.9213
01/06/21,19.8927
02/06/21,19.9277
03/06/21,20.0605
04/06/21,19.9328
05/06/21,N/E
06/06/21,N/E
07/06/21,19.797
08/06/21,19.7728
09/06/21,19.6897
10/06/21,19.7002
11/06/21,19.8823
12/06/21,N/E
13/06/21,N/E
14/06/21,19.9065
15/06/21,20.1235
16/06/21,20.0588
17/06/21,20.4292
18/06/21,20.7002
19/06/21,N/E
20/06/21,N/E
21/06/21,20.6
22/06/21,20.5712
23/06/21,20.2505
24/06/21,20.0483
25/06/21,19.793
26/06/21,N/E
27/06/21,N/E
28/06/21,19.8027
29/06/21,19.8157
30/06/21,19.9062
01/07/21,20.0368
02/07/21,19.8817
03/07/21,N/E
04/07/21,N/E
05/07/21,19.8532
06/07/21,19.9658
07/07/21,19.9915
08/07/21,20.007
09/07/21,19.88
10/07/21,N/E
11/07/21,N/E
12/07/21,19.8577
13/07/21,19.9988
14/07/21,19.8992
15/07/21,19.9412
16/07/21,19.8537
17/07/21,N/E
18/07/21,N/E
19/07/21,20
20/07/21,20.1348
21/07/21,20.1907
22/07/21,20.1812
23/07/21,20.0238
24/07/21,N/E
25/07/21,N/E
26/07/21,20.0245
27/07/21,19.977
28/07/21,19.9535
29/07/21,19.8448
30/07/21,19.8455
31/07/21,N/E
01/08/21,N/E
02/08/21,19.852
03/08/21,19.892
04/08/21,19.9547
05/08/21,19.9293
06/08/21,20.0037
07/08/21,N/E
08/08/21,N/E
09/08/21,20.0648
10/08/21,20.1038
11/08/21,19.953
12/08/21,19.8907
13/08/21,19.8603
14/08/21,N/E
15/08/21,N/E
16/08/21,19.8863
17/08/21,19.9912
18/08/21,20.0107
19/08/21,20.1175
20/08/21,20.402
21/08/21,N/E
22/08/21,N/E
23/08/21,20.3907
24/08/21,20.2967
25/08/21,20.2933
26/08/21,20.3522
27/08/21,20.2293
28/08/21,N/E
29/08/21,N/E
30/08/21,20.1403
31/08/21,20.0605
01/09/21,19.9615
02/09/21,19.9703
03/09/21,19.8992
04/09/21,N/E
05/09/21,N/E
06/09/21,19.8878
07/09/21,19.944
08/09/21,19.9383
09/09/21,19.9318
10/09/21,19.8717
11/09/21,N/E
12/09/21,N/E
13/09/21,19.8677
14/09/21,19.9035
15/09/21,19.9003
16/09/21,N/E
17/09/21,19.9853
18/09/21,N/E
19/09/21,N/E
20/09/21,20.1735
21/09/21,20.1438
22/09/21,20.0328
23/09/21,20.028
24/09/21,20.1118
25/09/21,N/E
26/09/21,N/E
27/09/21,20.1052
28/09/21,20.306
29/09/21,20.4977
30/09/21,20.5623
01/10/21,20.5103
02/10/21,N/E
03/10/21,N/E
04/10/21,20.5747
05/10/21,20.5818
06/10/21,20.6947
07/10/21,20.604
08/10/21,20.7293
09/10/21,N/E
10/10/21,N/E
11/10/21,20.8017
12/10/21,20.7767
13/10/21,20.6827
14/10/21,20.6075
15/10/21,20.4672
16/10/21,N/E
17/10/21,N/E
18/10/21,20.3587
19/10/21,20.2647
20/10/21,20.185
21/10/21,20.2643
22/10/21,20.1837
23/10/21,N/E
24/10/21,N/E
25/10/21,20.1897
26/10/21,20.1888
27/10/21,20.193
28/10/21,20.3255
29/10/21,20.5297
30/10/21,N/E
31/10/21,N/E
01/11/21,20.8598
02/11/21,N/E
03/11/21,20.8352
04/11/21,20.6242
05/11/21,20.3925
06/11/21,N/E
07/11/21,N/E
08/11/21,20.3265
09/11/21,20.2833
10/11/21,20.4702
11/11/21,20.4652
12/11/21,20.5072
13/11/21,N/E
14/11/21,N/E
15/11/21,N/E
16/11/21,20.8092
17/11/21,20.6912
18/11/21,20.7628
19/11/21,20.8283
20/11/21,N/E
21/11/21,N/E
22/11/21,20.9632
23/11/21,21.2107
24/11/21,21.4357
25/11/21,21.5462
26/11/21,21.8185
27/11/21,N/E
28/11/21,N/E
29/11/21,21.7333
30/11/21,21.4453
01/12/21,21.271
02/12/21,21.3033
03/12/21,21.4177
04/12/21,N/E
05/12/21,N/E
06/12/21,21.2047
07/12/21,21.0907
08/12/21,20.933
09/12/21,21.0328
10/12/21,20.8922
11/12/21,N/E
12/12/21,N/E
13/12/21,20.9383
14/12/21,21.165
15/12/21,21.2393
16/12/21,20.9238
17/12/21,20.7337
18/12/21,N/E
19/12/21,N/E
20/12/21,20.7363
21/12/21,20.7823
22/12/21,20.7527
23/12/21,20.6582
24/12/21,20.6112
25/12/21,N/E
26/12/21,N/E
27/12/21,20.6828
28/12/21,20.577
29/12/21,20.5835
30/12/21,20.5157
31/12/21,20.4672
01/01/22,N/E
02/01/22,N/E
03/01/22,20.589
04/01/22,20.4742
05/01/22,20.3977
06/01/22,20.4588
07/01/22,20.4237
08/01/22,N/E
09/01/22,N/E
10/01/22,20.4453
11/01/22,20.3785
12/01/22,20.366
13/01/22,20.3607
14/01/22,20.3118
15/01/22,N/E
16/01/22,N/E
17/01/22,20.3002
18/01/22,20.403
19/01/22,20.46
20/01/22,20.4507
21/01/22,20.4598
22/01/22,N/E
23/01/22,N/E
24/01/22,20.6308
25/01/22,20.6683
26/01/22,20.6415
27/01/22,20.7383
28/01/22,20.8597
29/01/22,N/E
30/01/22,N/E
31/01/22,20.6352
01/02/22,20.58
02/02/22,20.6003
03/02/22,20.5562
04/02/22,20.7325
05/02/22,N/E
06/02/22,N/E
07/02/22,N/E
08/02/22,20.6413
09/02/22,20.5008
10/02/22,20.4148
11/02/22,20.4188
12/02/22,N/E
13/02/22,N/E
14/02/22,20.411
15/02/22,20.3992
16/02/22,20.3335
17/02/22,20.2978
18/02/22,20.3063
19/02/22,N/E
20/02/22,N/E
21/02/22,20.2825
22/02/22,20.2977
23/02/22,20.2435
24/02/22,20.6525
25/02/22,20.4465
26/02/22,N/E
27/02/22,N/E
28/02/22,20.4257
01/03/22,20.5272
02/03/22,20.7193
03/03/22,20.7033
04/03/22,20.9262
05/03/22,N/E
06/03/22,N/E
07/03/22,21.1947
08/03/22,21.3775
09/03/22,20.9677
10/03/22,20.9743
11/03/22,20.9695
12/03/22,N/E
13/03/22,N/E
14/03/22,20.8908
15/03/22,20.8743
16/03/22,20.7035
17/03/22,20.5585
18/03/22,20.4145
19/03/22,N/E
20/03/22,N/E
21/03/22,N/E
22/03/22,20.2782
23/03/22,20.18
24/03/22,20.1313
25/03/22,19.9577
26/03/22,N/E
27/03/22,N/E
28/03/22,20.1195
29/03/22,19.9942
30/03/22,19.8632
31/03/22,19.9112
01/04/22,19.8432
02/04/22,N/E
03/04/22,N/E
04/04/22,19.7443
05/04/22,19.9012
06/04/22,20.0665
07/04/22,20.1605
08/04/22,20.12
09/04/22,N/E
10/04/22,N/E
11/04/22,20.0093
12/04/22,19.8407
13/04/22,19.7967
14/04/22,N/E
15/04/22,N/E
16/04/22,N/E
17/04/22,N/E
18/04/22,19.9377
19/04/22,20.0447
20/04/22,20.0383
21/04/22,20.1802
22/04/22,20.3183
23/04/22,N/E
24/04/22,N/E
25/04/22,20.2992
26/04/22,20.356
27/04/22,20.4707
28/04/22,20.567
29/04/22,20.3728
30/04/22,N/E
01/05/22,N/E
02/05/22,20.4075
03/05/22,20.335
04/05/22,20.2535
05/05/22,20.2218
06/05/22,20.1085
07/05/22,N/E
08/05/22,N/E
09/05/22,20.3172
10/05/22,20.372
11/05/22,20.2592
12/05/22,20.32
13/05/22,20.1443
14/05/22,N/E
15/05/22,N/E
16/05/22,20.0782
17/05/22,19.9637
18/05/22,19.9663
19/05/22,19.9267
20/05/22,19.8657
21/05/22,N/E
22/05/22,N/E
23/05/22,19.8282
24/05/22,19.887
25/05/22,19.8377
26/05/22,19.7933
27/05/22,19.5965
28/05/22,N/E
29/05/22,N/E
30/05/22,19.4953
31/05/22,19.694
01/06/22,19.7388
02/06/22,19.5585
03/06/22,19.5742
04/06/22,N/E
05/06/22,N/E
06/06/22,19.5547
07/06/22,19.5998
08/06/22,19.59
09/06/22,19.6128
10/06/22,19.9297
11/06/22,N/E
12/06/22,N/E
13/06/22,20.4527
14/06/22,20.6583
15/06/22,20.6675
16/06/22,20.5728
17/06/22,20.476
18/06/22,N/E
19/06/22,N/E
20/06/22,20.2442
21/06/22,20.1963
22/06/22,20.0465
23/06/22,20.0365
24/06/22,19.8707
25/06/22,N/E
26/06/22,N/E
27/06/22,19.8797
28/06/22,19.9847
29/06/22,20.1443
30/06/22,20.1335
01/07/22,20.3817
02/07/22,N/E
03/07/22,N/E
04/07/22,20.2877
05/07/22,20.5598
06/07/22,20.7228
07/07/22,20.6022
08/07/22,20.4423
09/07/22,N/E
10/07/22,N/E
11/07/22,20.7473
12/07/22,20.7882
13/07/22,20.7613
14/07/22,20.9415
15/07/22,20.611
16/07/22,N/E
17/07/22,N/E
18/07/22,20.3957
19/07/22,20.4407
20/07/22,20.4913
21/07/22,20.6562
22/07/22,20.515
23/07/22,N/E
24/07/22,N/E
25/07/22,20.4652
26/07/22,20.433
27/07/22,20.512
28/07/22,20.3778
29/07/22,20.3485
30/07/22,N/E
31/07/22,N/E
01/08/22,20.2633
02/08/22,20.5152
03/08/22,20.6305
04/08/22,20.3358
05/08/22,20.401
06/08/22,N/E
07/08/22,N/E
08/08/22,20.2789
09/08/22,20.2715
10/08/22,19.9562
11/08/22,19.9595
12/08/22,19.874
13/08/22,N/E
14/08/22,N/E
15/08/22,19.8618
16/08/22,19.9303
17/08/22,20.0387
18/08/22,20.0835
19/08/22,20.1957
20/08/22,N/E
21/08/22,N/E
22/08/22,20.1598
23/08/22,19.9982
24/08/22,19.9198
25/08/22,19.9437
26/08/22,19.9268
27/08/22,N/E
28/08/22,N/E
29/08/22,19.9945
30/08/22,20.1465
31/08/22,20.0962
01/09/22,20.2473
02/09/22,19.9753
03/09/22,N/E
04/09/22,N/E
05/09/22,19.962
06/09/22,20.138
07/09/22,20.0297
08/09/22,20.0203
09/09/22,19.9027
10/09/22,N/E
11/09/22,N/E
12/09/22,19.7957
13/09/22,20.055
14/09/22,19.9768
15/09/22,20.0525
16/09/22,N/E
17/09/22,N/E
18/09/22,N/E
19/09/22,19.9943
20/09/22,20
21/09/22,20.0027
22/09/22,19.9608
23/09/22,20.1627
24/09/22,N/E
25/09/22,N/E
26/09/22,20.3517
27/09/22,20.357
28/09/22,20.3058
29/09/22,20.1927
30/09/22,20.0925
01/10/22,N/E
02/10/22,N/E
03/10/22,20.0008
04/10/22,19.9698
05/10/22,20.1267
06/10/22,20.1087
07/10/22,20.0502
08/10/22,N/E
09/10/22,N/E
10/10/22,19.9752
11/10/22,19.9652
12/10/22,20.0352
13/10/22,20.0398
14/10/22,20.0838
15/10/22,N/E
16/10/22,N/E
17/10/22,19.9913
18/10/22,20.0207
19/10/22,20.1272
20/10/22,20.0448
21/10/22,19.9647
22/10/22,N/E
23/10/22,N/E
24/10/22,19.9535
25/10/22,19.8712
26/10/22,19.8553
27/10/22,19.8365
28/10/22,19.8303
29/10/22,N/E
30/10/22,N/E
31/10/22,19.8245
01/11/22,19.7463
02/11/22,N/E
03/11/22,19.6673
04/11/22,19.5202
05/11/22,N/E
06/11/22,N/E
07/11/22,19.4647
08/11/22,19.4775
09/11/22,19.5887
10/11/22,19.394
11/11/22,19.5353
12/11/22,N/E
13/11/22,N/E
14/11/22,19.4015
15/11/22,19.3818
16/11/22,19.3137
17/11/22,19.4333
18/11/22,19.493
19/11/22,N/E
20/11/22,N/E
21/11/22,N/E
22/11/22,19.4667
23/11/22,19.3683
24/11/22,19.3692
25/11/22,19.3393
26/11/22,N/E
27/11/22,N/E
28/11/22,19.325
29/11/22,19.216
30/11/22,19.3965
01/12/22,19.1433
02/12/22,19.3422
03/12/22,N/E
04/12/22,N/E
05/12/22,19.7567
06/12/22,19.803
07/12/22,19.6977
08/12/22,19.6732
09/12/22,19.8192
10/12/22,N/E
11/12/22,N/E
12/12/22,N/E
13/12/22,19.6458
14/12/22,19.6955
15/12/22,19.7963
16/12/22,19.7932
17/12/22,N/E
18/12/22,N/E
19/12/22,19.7557
20/12/22,19.7482
21/12/22,19.6932
22/12/22,19.574
23/12/22,19.4287
24/12/22,N/E
25/12/22,N/E
26/12/22,19.3983
27/12/22,19.4407
28/12/22,19.4143
29/12/22,19.3615
30/12/22,19.4715
31/12/22,N/E
01/01/23,N/E
02/01/23,19.4883
03/01/23,19.422
04/01/23,19.3568
05/01/23,19.3672
06/01/23,19.1753
07/01/23,N/E
08/01/23,N/E
09/01/23,19.1648
10/01/23,19.1108
11/01/23,19.026
12/01/23,18.8735
13/01/23,18.7922
14/01/23,N/E
15/01/23,N/E
16/01/23,18.7913
17/01/23,18.7493
18/01/23,18.7493
19/01/23,19.0327
20/01/23,18.9257
21/01/23,N/E
22/01/23,N/E
23/01/23,18.8267
24/01/23,18.8318
25/01/23,18.82
26/01/23,18.8355
27/01/23,18.7872
28/01/23,N/E
29/01/23,N/E
30/01/23,18.7793
31/01/23,18.7937
01/02/23,18.739
02/02/23,18.6232
03/02/23,18.8895
04/02/23,N/E
05/02/23,N/E
06/02/23,N/E
07/02/23,19.0517
08/02/23,18.9435
09/02/23,18.9543
10/02/23,18.6893
11/02/23,N/E
12/02/23,N/E
13/02/23,18.6327
14/02/23,18.5383
15/02/23,18.6428
16/02/23,18.5497
17/02/23,18.4142
18/02/23,N/E
19/02/23,N/E
20/02/23,18.397
21/02/23,18.3938
22/02/23,18.3483
23/02/23,18.4107
24/02/23,18.4023
25/02/23,N/E
26/02/23,N/E
27/02/23,18.4077
28/02/23,18.3448
01/03/23,18.17
02/03/23,18.126
03/03/23,18.0123
04/03/23,N/E
05/03/23,N/E
06/03/23,18.0122
07/03/23,18.1155
08/03/23,17.9662
09/03/23,18.0577
10/03/23,18.4083
11/03/23,N/E
12/03/23,N/E
13/03/23,18.8302
14/03/23,18.6427
15/03/23,18.9972
16/03/23,18.9095
17/03/23,18.8977
18/03/23,N/E
19/03/23,N/E
20/03/23,N/E
21/03/23,18.6755
22/03/23,18.5437
23/03/23,18.4902
24/03/23,18.5178
25/03/23,N/E
26/03/23,N/E
27/03/23,18.383
28/03/23,18.2523
29/03/23,18.1052
30/03/23,18.0932
31/03/23,18.0415
01/04/23,N/E
02/04/23,N/E
03/04/23,18.107
04/04/23,18.1185
05/04/23,18.3323
06/04/23,N/E
07/04/23,N/E
08/04/23,N/E
09/04/23,N/E
10/04/23,18.1765
11/04/23,18.187
12/04/23,18.066
13/04/23,18.0152
14/04/23,18.0638
15/04/23,N/E
16/04/23,N/E
17/04/23,18.0868
18/04/23,18.063
19/04/23,18.0448
20/04/23,18.009
21/04/23,17.9988
22/04/23,N/E
23/04/23,N/E
24/04/23,18.0082
25/04/23,18.0892
26/04/23,18.103
27/04/23,18.0723
28/04/23,17.9975
29/04/23,N/E
30/04/23,N/E
01/05/23,N/E
02/05/23,18.0325
03/05/23,17.906
04/05/23,17.9575
05/05/23,17.7863
06/05/23,N/E
07/05/23,N/E
08/05/23,17.8213
09/05/23,17.7608
10/05/23,17.5845
11/05/23,17.6287
12/05/23,17.6142
13/05/23,N/E
14/05/23,N/E
15/05/23,17.538
16/05/23,17.4672
17/05/23,17.5872
18/05/23,17.7342
19/05/23,17.693
20/05/23,N/E
21/05/23,N/E
22/05/23,17.868
23/05/23,17.9687
24/05/23,17.8195
25/05/23,17.8252
26/05/23,17.6723
27/05/23,N/E
28/05/23,N/E
29/05/23,17.5605
30/05/23,17.6532
31/05/23,17.7418
01/06/23,17.5673
02/06/23,17.5063
03/06/23,N/E
04/06/23,N/E
05/06/23,17.4732
06/06/23,17.4192
07/06/23,17.3608
08/06/23,17.4085
09/06/23,17.284
10/06/23,N/E
11/06/23,N/E
12/06/23,17.312
13/06/23,17.2185
14/06/23,17.1247
15/06/23,17.1762
16/06/23,17.0792
17/06/23,N/E
18/06/23,N/E
19/06/23,17.0945
20/06/23,17.2043
21/06/23,17.1547
22/06/23,17.1713
23/06/23,17.1795
24/06/23,N/E
25/06/23,N/E
26/06/23,17.1445
27/06/23,17.1013
28/06/23,17.072
29/06/23,17.1187
30/06/23,17.1358
01/07/23,N/E
02/07/23,N/E
03/07/23,17.0517
04/07/23,17.026
05/07/23,17.004
06/07/23,17.2825
07/07/23,17.1012
08/07/23,N/E
09/07/23,N/E
10/07/23,17.0605
11/07/23,17.0783
12/07/23,16.8537
13/07/23,16.8905
14/07/23,16.7892
15/07/23,N/E
16/07/23,N/E
17/07/23,16.7858
18/07/23,16.748
19/07/23,16.7667
20/07/23,16.846
21/07/23,16.9393
22/07/23,N/E
23/07/23,N/E
24/07/23,16.8367
25/07/23,16.9075
26/07/23,16.8825
27/07/23,16.7338
28/07/23,16.6895
29/07/23,N/E
30/07/23,N/E
31/07/23,16.7303
01/08/23,16.8533
02/08/23,17.0193
03/08/23,17.2892
04/08/23,17.0555
05/08/23,N/E
06/08/23,N/E
07/08/23,17.0608
08/08/23,17.1122
09/08/23,17.0767
10/08/23,16.9548
11/08/23,17.0045
12/08/23,N/E
13/08/23,N/E
14/08/23,17.0672
15/08/23,17.1388
16/08/23,17.0768
17/08/23,17.1225
18/08/23,17.0477
19/08/23,N/E
20/08/23,N/E
21/08/23,17.0202
22/08/23,16.9267
23/08/23,16.8077
24/08/23,16.809
25/08/23,16.7718
26/08/23,N/E
27/08/23,N/E
28/08/23,16.7432
29/08/23,16.8402
30/08/23,16.7477
31/08/23,16.917
01/09/23,17.1113
02/09/23,N/E
03/09/23,N/E
04/09/23,17.175
05/09/23,17.3492
06/09/23,17.5805
07/09/23,17.5543
08/09/23,17.5767
09/09/23,N/E
10/09/23,N/E
11/09/23,17.3813
12/09/23,17.2553
13/09/23,17.1235
14/09/23,17.1042
15/09/23,17.0807
16/09/23,N/E
17/09/23,N/E
18/09/23,17.1307
19/09/23,17.0805
20/09/23,17.024
21/09/23,17.1675
22/09/23,17.1568
23/09/23,N/E
24/09/23,N/E
25/09/23,17.3733
26/09/23,17.4758
27/09/23,17.7287
28/09/23,17.6195
29/09/23,17.4127
30/09/23,N/E
01/10/23,N/E
02/10/23,17.592
03/10/23,17.9025
04/10/23,18.017
05/10/23,18.2407
06/10/23,18.1837
07/10/23,N/E
08/10/23,N/E
09/10/23,18.3482
10/10/23,17.9917
11/10/23,17.842
12/10/23,17.9132
13/10/23,18.0362
14/10/23,N/E
15/10/23,N/E
16/10/23,17.9568
17/10/23,17.9097
18/10/23,18.244
19/10/23,18.2873
20/10/23,18.2343
21/10/23,N/E
22/10/23,N/E
23/10/23,18.1218
24/10/23,18.2842
25/10/23,18.3122
26/10/23,18.2178
27/10/23,18.0752
28/10/23,N/E
29/10/23,N/E
30/10/23,18.064
31/10/23,18.0368
01/11/23,17.9305
02/11/23,N/E
03/11/23,17.4117
04/11/23,N/E
05/11/23,N/E
06/11/23,17.5308
07/11/23,17.5097
08/11/23,17.5017
09/11/23,17.4888
10/11/23,17.748
11/11/23,N/E
12/11/23,N/E
13/11/23,17.6138
14/11/23,17.3917
15/11/23,17.3387
16/11/23,17.2708
17/11/23,17.2175
18/11/23,N/E
19/11/23,N/E
20/11/23,N/E
21/11/23,17.2102
22/11/23,17.2133
23/11/23,17.1787
24/11/23,17.1268
25/11/23,N/E
26/11/23,N/E
27/11/23,17.1555
28/11/23,17.1357
29/11/23,17.187
30/11/23,17.373
01/12/23,17.2143
02/12/23,N/E
03/12/23,N/E
04/12/23,17.406
05/12/23,17.4215
06/12/23,17.2685
07/12/23,17.4197
08/12/23,17.3688
09/12/23,N/E
10/12/23,N/E
11/12/23,17.447
12/12/23,N/E
13/12/23,17.398
14/12/23,17.299
15/12/23,17.1908
16/12/23,N/E
17/12/23,N/E
18/12/23,17.2277
19/12/23,17.0652
20/12/23,17.0673
21/12/23,17.059
22/12/23,16.9738
23/12/23,N/E
24/12/23,N/E
25/12/23,N/E
26/12/23,16.9727
27/12/23,16.922
28/12/23,16.8935
29/12/23,16.919
30/12/23,N/E
31/12/23,N/E
01/01/24,N/E
02/01/24,17.0297
03/01/24,17.0492
04/01/24,17.0458
05/01/24,16.8987
06/01/24,N/E
07/01/24,N/E
08/01/24,16.8133
09/01/24,16.9347
10/01/24,16.9912
11/01/24,16.9898
12/01/24,16.858
13/01/24,N/E
14/01/24,N/E
15/01/24,16.8983
16/01/24,17.1598
17/01/24,17.2957
18/01/24,17.1995
19/01/24,17.1325
20/01/24,N/E
21/01/24,N/E
22/01/24,17.1125
23/01/24,17.352
24/01/24,17.1673
25/01/24,17.2375
26/01/24,17.1657
27/01/24,N/E
28/01/24,N/E
29/01/24,17.2333
30/01/24,17.1932
31/01/24,17.1633
01/02/24,17.1335
02/02/24,17.1447
03/02/24,N/E
04/02/24,N/E
05/02/24,N/E
06/02/24,17.0357
07/02/24,17.0398
08/02/24,17.1023
09/02/24,17.0855
10/02/24,N/E
11/02/24,N/E
12/02/24,17.068
13/02/24,17.1982
14/02/24,17.1105
15/02/24,17.068
16/02/24,17.0602
17/02/24,N/E
18/02/24,N/E
19/02/24,17.05
20/02/24,17.0458
21/02/24,17.0603
22/02/24,17.121
23/02/24,17.126
24/02/24,N/E
25/02/24,N/E
26/02/24,17.126
27/02/24,17.0605
28/02/24,17.0962
29/02/24,17.0633
01/03/24,17.0217
02/03/24,N/E
03/03/24,N/E
04/03/24,16.9828
05/03/24,16.9257
06/03/24,16.8728
07/03/24,16.877
08/03/24,16.7985
09/03/24,N/E
10/03/24,N/E
11/03/24,16.8083
12/03/24,16.8272
13/03/24,16.7127
14/03/24,16.692
15/03/24,16.71
16/03/24,N/E
17/03/24,N/E
18/03/24,N/E
19/03/24,16.8523
20/03/24,16.759
21/03/24,16.762
22/03/24,16.7367
23/03/24,N/E
24/03/24,N/E
25/03/24,16.7032
26/03/24,16.678
27/03/24,16.5323
28/03/24,N/E
29/03/24,N/E
30/03/24,N/E
31/03/24,N/E
01/04/24,16.6578
02/04/24,16.5673
03/04/24,16.5415
04/04/24,16.5173
05/04/24,16.4758
06/04/24,N/E
07/04/24,N/E
08/04/24,16.3357
09/04/24,16.3932
10/04/24,16.4883
11/04/24,16.4583
12/04/24,16.6693
13/04/24,N/E
14/04/24,N/E
15/04/24,16.6815
16/04/24,17.0252
17/04/24,16.9948
18/04/24,17.1145
19/04/24,17.212
20/04/24,N/E
21/04/24,N/E
22/04/24,17.1243
23/04/24,16.9995
24/04/24,17.1098
25/04/24,17.1883
26/04/24,17.1552
27/04/24,N/E
28/04/24,N/E
29/04/24,17.0243
30/04/24,17.0958
01/05/24,N/E
02/05/24,16.9393
03/05/24,17.0042
04/05/24,N/E
05/05/24,N/E
06/05/24,16.8947
07/05/24,16.9083
08/05/24,16.9087
09/05/24,16.866
10/05/24,16.769
11/05/24,N/E
12/05/24,N/E
13/05/24,16.8072
14/05/24,16.846
15/05/24,16.6782
16/05/24,16.6893
17/05/24,16.6217
18/05/24,N/E
19/05/24,N/E
20/05/24,16.5668
21/05/24,16.6138
22/05/24,16.6405
23/05/24,16.6945
24/05/24,16.7023
25/05/24,N/E
26/05/24,N/E
27/05/24,16.6568
28/05/24,16.7457
29/05/24,16.95
30/05/24,16.9377
31/05/24,17.0177
01/06/24,N/E
02/06/24,N/E
03/06/24,17.6338
04/06/24,17.8607
05/06/24,17.5592
06/06/24,17.5335
07/06/24,18.2622
08/06/24,N/E
09/06/24,N/E
10/06/24,18.3848
11/06/24,18.4457
12/06/24,18.7832
13/06/24,18.5385
14/06/24,18.4512
15/06/24,N/E
16/06/24,N/E
17/06/24,18.5248
18/06/24,18.4128
19/06/24,18.423
20/06/24,18.4027
21/06/24,18.1848
22/06/24,N/E
23/06/24,N/E
24/06/24,17.9627
25/06/24,18.1372
26/06/24,18.2215
27/06/24,18.3773
28/06/24,18.2478
29/06/24,N/E
30/06/24,N/E
01/07/24,18.3897
02/07/24,18.2485
03/07/24,18.1355
04/07/24,18.0958
05/07/24,18.0977
06/07/24,N/E
07/07/24,N/E
08/07/24,18.0095
09/07/24,17.9428
10/07/24,17.8288
11/07/24,17.8192
12/07/24,17.6502
13/07/24,N/E
14/07/24,N/E
15/07/24,17.7837
16/07/24,17.6795
17/07/24,17.7438
18/07/24,17.8907
19/07/24,17.997
20/07/24,N/E
21/07/24,N/E
22/07/24,17.9107
23/07/24,18.0987
24/07/24,18.3458
25/07/24,18.385
26/07/24,18.4475
27/07/24,N/E
28/07/24,N/E
29/07/24,18.6818
30/07/24,18.79
31/07/24,18.597
01/08/24,18.706
02/08/24,19.0442
03/08/24,N/E
04/08/24,N/E
05/08/24,19.3905
06/08/24,19.33
07/08/24,19.189
08/08/24,19.09
09/08/24,18.8368
10/08/24,N/E
11/08/24,N/E
12/08/24,19.032
13/08/24,19.0387
14/08/24,18.8478
15/08/24,18.6513
16/08/24,18.6228
17/08/24,N/E
18/08/24,N/E
19/08/24,18.7357
20/08/24,18.9448
21/08/24,19.2535
22/08/24,19.4235
23/08/24,19.0708
24/08/24,N/E
25/08/24,N/E
26/08/24,19.382
27/08/24,19.6692
28/08/24,19.6037
29/08/24,19.8168
30/08/24,19.6535
31/08/24,N/E
01/09/24,N/E
02/09/24,19.798
03/09/24,19.8335
04/09/24,19.846
05/09/24,20.0028
06/09/24,20.0172
07/09/24,N/E
08/09/24,N/E
09/09/24,19.8798
10/09/24,20.0583
11/09/24,19.839
12/09/24,19.5887
13/09/24,19.2483
14/09/24,N/E
15/09/24,N/E
16/09/24,N/E
17/09/24,19.267
18/09/24,19.3033
19/09/24,19.2773
20/09/24,19.3725
21/09/24,N/E
22/09/24,N/E
23/09/24,19.415
24/09/24,19.3562
25/09/24,19.587
26/09/24,19.629
27/09/24,19.6697
28/09/24,N/E
29/09/24,N/E
30/09/24,19.644
01/10/24,N/E
02/10/24,19.3885
03/10/24,19.4678
04/10/24,19.2127
05/10/24,N/E
06/10/24,N/E
07/10/24,19.3388
08/10/24,19.3532
09/10/24,19.4175
10/10/24,19.5113
11/10/24,19.3983
12/10/24,N/E
13/10/24,N/E
14/10/24,19.342
15/10/24,19.62
16/10/24,19.8925
17/10/24,19.9313
18/10/24,19.8325
19/10/24,N/E
20/10/24,N/E
21/10/24,20.0075
22/10/24,19.8985
23/10/24,19.9338
24/10/24,19.8385
25/10/24,19.9303
26/10/24,N/E
27/10/24,N/E
28/10/24,20.0007
29/10/24,20.0208
30/10/24,20.1617
31/10/24,20.0378
01/11/24,20.0908
02/11/24,N/E
03/11/24,N/E
04/11/24,20.0367
05/11/24,20.2695
06/11/24,20.3093
07/11/24,19.8277
08/11/24,20.1332
09/11/24,N/E
10/11/24,N/E
11/11/24,20.4502
12/11/24,20.5693
13/11/24,20.6025
14/11/24,20.494
15/11/24,20.3887
16/11/24,N/E
17/11/24,N/E
18/11/24,N/E
19/11/24,20.1848
20/11/24,20.2903
21/11/24,20.3775
22/11/24,20.4872
23/11/24,N/E
24/11/24,N/E
25/11/24,20.2993
26/11/24,20.7185
27/11/24,20.6418
28/11/24,20.4173
29/11/24,20.3212
30/11/24,N/E
01/12/24,N/E
02/12/24,20.4357
03/12/24,20.3233
04/12/24,20.283
05/12/24,20.1963
06/12/24,20.2275
07/12/24,N/E
08/12/24,N/E
09/12/24,20.1547
10/12/24,20.2485
11/12/24,20.1647
12/12/24,N/E
13/12/24,20.142
14/12/24,N/E
15/12/24,N/E
16/12/24,20.1448
17/12/24,20.2363
18/12/24,20.1395
19/12/24,20.4402
20/12/24,20.1035
21/12/24,N/E
22/12/24,N/E
23/12/24,20.1948
24/12/24,20.1558
25/12/24,N/E
26/12/24,20.1657
27/12/24,20.2683
28/12/24,N/E
29/12/24,N/E
30/12/24,20.5103
31/12/24,20.7862
01/01/25,N/E
02/01/25,20.6917
03/01/25,20.6708
04/01/25,N/E
05/01/25,N/E
06/01/25,20.3195
07/01/25,20.344
08/01/25,20.3823
09/01/25,20.4742
10/01/25,20.7045
11/01/25,N/E
12/01/25,N/E
13/01/25,20.8012
14/01/25,20.482
15/01/25,20.4875
16/01/25,20.7732
17/01/25,20.718
18/01/25,N/E
19/01/25,N/E
20/01/25,20.543
21/01/25,20.6358
22/01/25,20.5397
23/01/25,20.3943
24/01/25,20.2255
25/01/25,N/E
26/01/25,N/E
27/01/25,20.7002
28/01/25,20.5668
29/01/25,20.5677
30/01/25,20.4497
31/01/25,20.6068
01/02/25,N/E
02/02/25,N/E
03/02/25,N/E
04/02/25,20.4268
05/02/25,20.6363
06/02/25,20.5125
07/02/25,20.5512
08/02/25,N/E
09/02/25,N/E
10/02/25,20.6693
11/02/25,20.568
12/02/25,20.4917
13/02/25,20.4978
14/02/25,20.3082
15/02/25,N/E
16/02/25,N/E
17/02/25,20.283
18/02/25,20.2617
19/02/25,20.4208
20/02/25,20.3733
21/02/25,20.3448
22/02/25,N/E
23/02/25,N/E
24/02/25,20.464
25/02/25,20.4683
26/02/25,20.4277
27/02/25,20.4722
28/02/25,20.508
01/03/25,N/E
02/03/25,N/E
03/03/25,20.4333
04/03/25,20.8518
05/03/25,20.3893
06/03/25,20.2777
07/03/25,20.283
08/03/25,N/E
09/03/25,N/E
10/03/25,20.2922
11/03/25,20.3388
12/03/25,20.1828
13/03/25,20.0848
14/03/25,19.8693
15/03/25,N/E
16/03/25,N/E
17/03/25,N/E
18/03/25,19.9845
19/03/25,20.0553
20/03/25,20.1345
21/03/25,20.2163
22/03/25,N/E
23/03/25,N/E
24/03/25,20.1123
25/03/25,20.0762
26/03/25,20.0963
27/03/25,20.3182
28/03/25,20.4003
29/03/25,N/E
30/03/25,N/E
31/03/25,20.438
01/04/25,20.3587
02/04/25,20.4568
03/04/25,19.9708
04/04/25,20.501
05/04/25,N/E
06/04/25,N/E
07/04/25,20.6947
08/04/25,20.6867
09/04/25,20.7653
10/04/25,20.492
11/04/25,20.3363
12/04/25,N/E
13/04/25,N/E
14/04/25,20.1025
15/04/25,20.0213
16/04/25,19.9737
17/04/25,N/E
18/04/25,N/E
19/04/25,N/E
20/04/25,N/E
21/04/25,19.6718
22/04/25,19.5688
23/04/25,19.6278
24/04/25,19.5825
25/04/25,19.5478
26/04/25,N/E
27/04/25,N/E
28/04/25,19.5723
29/04/25,19.5868
30/04/25,19.6095
01/05/25,N/E
02/05/25,19.657
03/05/25,N/E
04/05/25,N/E
05/05/25,19.6365
06/05/25,19.6785
07/05/25,19.588
08/05/25,19.5642
09/05/25,19.4912
10/05/25,N/E
11/05/25,N/E
12/05/25,19.6162
13/05/25,19.4373
14/05/25,19.363
15/05/25,19.478
16/05/25,19.5147
17/05/25,N/E
18/05/25,N/E
19/05/25,19.3723
20/05/25,19.2648
21/05/25,19.3198
22/05/25,19.3227
23/05/25,19.2748
24/05/25,N/E
25/05/25,N/E
26/05/25,19.2188
27/05/25,19.2338
28/05/25,19.4
29/05/25,19.328
30/05/25,19.3858
31/05/25,N/E
01/06/25,N/E
02/06/25,19.2338
03/06/25,19.2638
04/06/25,19.1932
05/06/25,19.17
06/06/25,19.1317
07/06/25,N/E
08/06/25,N/E
09/06/25,19.0595
10/06/25,19.0518
11/06/25,18.879
12/06/25,18.9068
13/06/25,18.9302
14/06/25,N/E
15/06/25,N/E
16/06/25,18.9083
17/06/25,18.9872
18/06/25,19.0047
19/06/25,19.0898
20/06/25,19.1458
21/06/25,N/E
22/06/25,N/E
23/06/25,19.1527
24/06/25,19.0267
25/06/25,18.9203
26/06/25,18.8928
27/06/25,18.8483
28/06/25,N/E
29/06/25,N/E
30/06/25,18.8332
01/07/25,18.765
02/07/25,18.754
03/07/25,18.6652
04/07/25,18.6327
05/07/25,N/E
06/07/25,N/E
07/07/25,18.6698
08/07/25,18.714
09/07/25,18.5733
10/07/25,18.6267
11/07/25,18.6595
12/07/25,N/E
13/07/25,N/E
14/07/25,18.751
15/07/25,18.8397
16/07/25,18.7178
17/07/25,18.7685
18/07/25,18.72
19/07/25,N/E
20/07/25,N/E
21/07/25,18.6455
22/07/25,18.6212
23/07/25,18.5735
24/07/25,18.5538
25/07/25,18.557
26/07/25,N/E
27/07/25,N/E
28/07/25,18.7267
29/07/25,18.7642
30/07/25,18.796
31/07/25,18.7963
01/08/25,18.916
02/08/25,N/E
03/08/25,N/E
04/08/25,18.8783
05/08/25,18.762
06/08/25,18.6192
07/08/25,18.6765
08/08/25,18.5518
09/08/25,N/E
10/08/25,N/E
11/08/25,18.6683
12/08/25,18.5657
13/08/25,18.6353
14/08/25,18.8137
15/08/25,18.7295
16/08/25,N/E
17/08/25,N/E
18/08/25,18.784
19/08/25,18.7982
20/08/25,18.7572
21/08/25,18.7737
22/08/25,18.595
23/08/25,N/E
24/08/25,N/E
25/08/25,18.6368
26/08/25,18.6843
27/08/25,18.6912
28/08/25,18.6522
29/08/25,18.644
30/08/25,N/E
31/08/25,N/E
01/09/25,18.646
02/09/25,18.7072
03/09/25,18.6873
04/09/25,18.7577
05/09/25,18.6792
06/09/25,N/E
07/09/25,N/E
08/09/25,18.655
09/09/25,18.6353
10/09/25,18.592
11/09/25,18.5287
12/09/25,18.4757
13/09/25,N/E
14/09/25,N/E
15/09/25,18.3635
16/09/25,N/E
17/09/25,18.3257
18/09/25,18.361
19/09/25,18.3892
20/09/25,N/E
21/09/25,N/E
22/09/25,18.4082
23/09/25,18.3232
24/09/25,18.4312
25/09/25,18.4457
26/09/25,18.3825
27/09/25,N/E
28/09/25,N/E
29/09/25,18.3507
30/09/25,18.3342
01/10/25,18.3477
02/10/25,18.4843
03/10/25,18.3902
04/10/25,N/E
05/10/25,N/E
06/10/25,18.3528
07/10/25,18.3762
08/10/25,18.3477
09/10/25,18.383
10/10/25,18.5567
11/10/25,N/E
12/10/25,N/E
13/10/25,18.44
14/10/25,18.522
15/10/25,18.4808
16/10/25,18.4108
17/10/25,18.407
18/10/25,N/E
19/10/25,N/E
20/10/25,18.4032
21/10/25,18.4252
22/10/25,18.4333
23/10/25,18.4033
24/10/25,18.3948
25/10/25,N/E
26/10/25,N/E
27/10/25,18.3892
28/10/25,18.4145
29/10/25,18.4072
30/10/25,18.538
31/10/25,18.5725
01/11/25,N/E
02/11/25,N/E
03/11/25,18.4835
04/11/25,18.6133
05/11/25,18.5947
06/11/25,18.6233
07/11/25,18.5
08/11/25,N/E
09/11/25,N/E
10/11/25,18.3922
11/11/25,18.3333
12/11/25,18.2982
13/11/25,18.2805
14/11/25,18.3262
15/11/25,N/E
16/11/25,N/E
17/11/25,N/E
18/11/25,18.3728
19/11/25,18.341
20/11/25,18.355
21/11/25,18.4965
22/11/25,N/E
23/11/25,N/E
24/11/25,18.4997
25/11/25,18.4308
26/11/25,18.356
27/11/25,18.3467
28/11/25,18.3075
29/11/25,N/E
30/11/25,N/E
01/12/25,18.2757
02/12/25,18.291
03/12/25,18.2642
04/12/25,18.2293
05/12/25,18.186
06/12/25,N/E
07/12/25,N/E
08/12/25,18.2367
09/12/25,18.194
10/12/25,18.2085
11/12/25,18.0543
12/12/25,N/E
13/12/25,N/E
14/12/25,N/E
15/12/25,17.9925
16/12/25,17.9525
17/12/25,18.02
18/12/25,17.9792
19/12/25,18.0065
20/12/25,N/E
21/12/25,N/E
22/12/25,17.9785
23/12/25,17.9332
24/12/25,17.9248
25/12/25,N/E
26/12/25,17.9042
27/12/25,N/E
28/12/25,N/E
29/12/25,17.9667
30/12/25,17.9528
31/12/25,18.0012